{
    "side_by_side":  null,
    "H_rect_to_modern":  [
                             [
                                 0.6026736452848452,
                                 -0.18368348112228355,
                                 -31.627116228999526
                             ],
                             [
                                 -0.046757081873612466,
                                 0.5084280485150525,
                                 -34.764571282872424
                             ],
                             [
                                 -4.76694151053163E-05,
                                 -0.0001326791161740048,
                                 1.0135883530657783
                             ]
                         ],
    "rectified_size":  {
                           "width":  4200,
                           "height":  2452
                       },
    "labeling_layout":  null
}
